{"model_id":{"0":"GBM_1_AutoML_20190410_190849","1":"GBM_2_AutoML_20190410_190849","2":"StackedEnsemble_AllModels_AutoML_20190410_190849","3":"StackedEnsemble_BestOfFamily_AutoML_20190410_190849","4":"GLM_grid_1_AutoML_20190410_190849_model_1"},"mean_residual_deviance":{"0":2432871.9296310418,"1":91525486.1584711671,"2":1216401141.293851614,"3":1266070288.4865231514,"4":1367972467.9624774456},"rmse":{"0":1559.7666266564,"1":9566.8953249459,"2":34876.9428318173,"3":35581.8814635556,"4":36986.1118254201},"mse":{"0":2432871.9296310418,"1":91525486.1584711671,"2":1216401141.293851614,"3":1266070288.4865231514,"4":1367972467.9624774456},"mae":{"0":553.0927171093,"1":6317.3460512659,"2":25444.6980463193,"3":25963.4981028166,"4":27018.339579616},"rmsle":{"0":null,"1":0.785580928,"2":1.1227644899,"3":1.1304203247,"4":1.1451764988}}