{"model_id":{"0":"GBM_1_AutoML_20190420_141222","1":"GBM_2_AutoML_20190420_141222","2":"StackedEnsemble_AllModels_AutoML_20190420_141222","3":"StackedEnsemble_BestOfFamily_AutoML_20190420_141222","4":"GLM_grid_1_AutoML_20190420_141222_model_1"},"mean_residual_deviance":{"0":1997932.9392570097,"1":2496939.6046181861,"2":1215112107.2505245209,"3":1266067177.6655266285,"4":1367972467.9624774456},"rmse":{"0":1413.482557111,"1":1580.1707517285,"2":34858.4581880858,"3":35581.8377499747,"4":36986.1118254201},"mse":{"0":1997932.9392570097,"1":2496939.6046181861,"2":1215112107.2505245209,"3":1266067177.6655266285,"4":1367972467.9624774456},"mae":{"0":392.1982281455,"1":584.2368294264,"2":25434.7760601067,"3":25963.6187961377,"4":27018.339579616},"rmsle":{"0":null,"1":null,"2":1.1222217703,"3":1.1304099534,"4":1.1451764988}}