{"model_id":{"0":"GLM_grid_1_AutoML_20190420_024805_model_1"},"mean_residual_deviance":{"0":1367972467.9624774456},"rmse":{"0":36986.1118254201},"mse":{"0":1367972467.9624774456},"mae":{"0":27018.339579616},"rmsle":{"0":1.1451764988}}