{"model_id":{"0":"GBM_1_AutoML_20190419_184652","1":"GBM_2_AutoML_20190419_184652","2":"GBM_3_AutoML_20190419_184652","3":"StackedEnsemble_AllModels_AutoML_20190419_184652","4":"StackedEnsemble_BestOfFamily_AutoML_20190419_184652","5":"GLM_grid_1_AutoML_20190419_184652_model_1"},"mean_residual_deviance":{"0":2249627.9764799518,"1":3434073.5937208724,"2":513582894.6131198406,"3":1169083209.8724036217,"4":1266069060.8481993675,"5":1367972467.9624774456},"rmse":{"0":1499.8759870336,"1":1853.1253583395,"2":22662.3673655936,"3":34191.8588244688,"4":35581.8642126604,"5":36986.1118254201},"mse":{"0":2249627.9764799518,"1":3434073.5937208724,"2":513582894.6131198406,"3":1169083209.8724036217,"4":1266069060.8481993675,"5":1367972467.9624774456},"mae":{"0":493.3116705966,"1":812.827843816,"2":16363.0135808631,"3":24943.0422304838,"4":25963.6145654061,"5":27018.339579616},"rmsle":{"0":null,"1":null,"2":0.9792729477,"3":1.1148271039,"4":1.130414169,"5":1.1451764988}}