{"model_id":{"0":"GBM_1_AutoML_20190419_193618","1":"GBM_2_AutoML_20190419_193618","2":"GBM_3_AutoML_20190419_193618","3":"StackedEnsemble_AllModels_AutoML_20190419_193618","4":"StackedEnsemble_BestOfFamily_AutoML_20190419_193618","5":"GLM_grid_1_AutoML_20190419_193618_model_1"},"mean_residual_deviance":{"0":1984799.8770532017,"1":2630232.7227151757,"2":13092921.0000559557,"3":1167448707.0203516483,"4":1266067295.3140404224,"5":1367972467.9624774456},"rmse":{"0":1408.8292575941,"1":1621.7992239224,"2":3618.4141554079,"3":34167.9485339748,"4":35581.8394031849,"5":36986.1118254201},"mse":{"0":1984799.8770532017,"1":2630232.7227151757,"2":13092921.0000559557,"3":1167448707.0203516483,"4":1266067295.3140404224,"5":1367972467.9624774456},"mae":{"0":448.6296257939,"1":621.8030940541,"2":1999.1913628837,"3":24928.4692937481,"4":25963.8362440818,"5":27018.339579616},"rmsle":{"0":null,"1":null,"2":null,"3":1.1145374609,"4":1.1304136215,"5":1.1451764988}}